1, user1, password1, useremail1, userfirstname1, userlastname1, useraddress1
2, user2, password2, useremail2, userfirstname2, userlastname2, useraddress2
3, user3, password3, useremail3, userfirstname3, userlastname3, useraddress3
4, user4, password4, useremail4, userfirstname4, userlastname4, useraddress4
5, user5, password5, useremail5, userfirstname5, userlastname5, useraddress5
6, user6, password6, useremail6, userfirstname6, userlastname6, useraddress6
7, user7, password7, useremail7, userfirstname7, userlastname7, useraddress7
8, user8, password8, useremail8, userfirstname8, userlastname8, useraddress8
9, user9, password9, useremail9, userfirstname9, userlastname9, useraddress9
10, user10, password10, useremail10, userfirstname10, userlastname10, useraddress10
